{
  "accuracy": 0.3538416249632028,
  "pearson_correlation": 0.32241838896668235,
  "num_samples": 3397
}